Line Item,Month,Order Date,Order Type,Material,Mat. Grp Desc,Batch No,Base UoM,Qty in Sales Unit,Sales Unit,Sales Qty,Frieght Charged,Freight Incurred,Interest,Net Value /KL (NET_VAL_KL),Packing Cost /KL,Total Packing Cost,RM Cost /KL,Total RM Cost,Total Variable Cost,Total Value,NET_CONT_KL,DENSITY,Sales District,Region,REG_DESC,Payer,Customer,Employee,Sales manager,Industry Code,Customer Grp,Industry Desc,MATKL,Mat Grp1 Text,Mat Grp 2 Text,City,Doc Curr,Plant,Plant Desc,CGST,SGST,UGST,IGST,Commission_N,Basic Sale Price,Credit Days,Discount,Revenue,hierarchical_cluster,Cluster
10,1,2024-01-17,0,28,32,6,0,8.0,2,1.672,0.0,476.74,8583.29,108599.81,8923.45,14920.01,86518.66,144659.2,95101.95,181578.88,13497.86,0.861,6,13,5,31,37,16,9,7,37,8,0,1,19,6,0,1010,0,17756.64,17756.64,0.0,0.0,0,0.6287955284291922,0.7080935488413697,0,197296.0,1,2
10,1,2024-01-18,0,28,32,14,0,36.0,2,7.524,0.0,476.74,8801.51,111599.81,8923.45,67140.04,78821.42,593052.36,87622.93,839676.97,23976.88,0.864,6,13,5,31,37,16,9,7,37,8,0,1,19,6,0,1010,0,81936.36,81936.36,0.0,0.0,0,0.9349826830603828,0.7080935488413697,0,910404.0,1,2
10,1,2024-01-18,0,28,32,14,0,32.0,2,6.688,0.0,536.33,8801.51,111540.22,8923.45,59680.03,78821.42,527157.66,87622.93,745980.99,23917.29,0.864,6,13,5,31,37,16,9,7,37,8,0,1,19,6,0,1010,0,72832.32,72832.32,0.0,0.0,0,0.9349826830603828,0.7080935488413697,0,809248.0,1,2
10,1,2024-01-18,0,28,32,14,0,35.0,2,7.315,0.0,490.36,8801.51,111586.19,8923.45,65275.04,78821.42,576578.69,87622.93,816252.98,23963.26,0.864,6,13,5,31,37,16,9,7,37,8,0,1,19,6,0,1010,0,79660.35,79660.35,0.0,0.0,0,0.9349826830603828,0.7080935488413697,0,885115.0,1,2
10,1,2024-01-18,0,28,32,14,0,40.0,2,8.36,0.0,429.07,8801.51,111647.48,8923.45,74600.04,78821.42,658947.07,87622.93,933372.93,24024.55,0.864,6,13,5,31,37,16,9,7,37,8,0,1,19,6,0,1010,0,91040.4,91040.4,0.0,0.0,0,0.9349826830603828,0.7080935488413697,0,1011560.0,1,2
10,1,2024-01-18,0,28,32,14,0,40.0,2,8.36,0.0,429.07,8801.51,111647.48,8923.45,74600.04,78821.42,658947.07,87622.93,933372.93,24024.55,0.864,6,13,5,31,37,16,9,7,37,8,0,1,19,6,0,1010,0,91040.4,91040.4,0.0,0.0,0,0.9349826830603828,0.7080935488413697,0,1011560.0,1,2
10,1,2024-01-19,0,28,32,14,0,32.0,2,6.688,0.0,536.33,8801.51,111540.22,8923.45,59680.03,78821.42,527157.66,87622.93,745980.99,23917.29,0.864,6,13,5,31,37,16,9,7,37,8,0,1,19,6,0,1010,0,72832.32,72832.32,0.0,0.0,0,0.9349826830603828,0.7080935488413697,0,809248.0,1,2
10,1,2024-01-19,0,28,32,14,0,30.0,2,6.27,0.0,572.09,8801.51,111504.46,8923.45,55950.03,78821.42,494210.3,87622.93,699132.96,23881.53,0.864,6,13,5,31,37,16,9,7,37,8,0,1,19,6,0,1010,0,68280.3,68280.3,0.0,0.0,0,0.9349826830603828,0.7080935488413697,0,758670.0,1,2
10,1,2024-01-20,0,8,31,14,0,18.575,0,18.575,0.0,601.5,4911.95,92898.5,0.0,0.0,78821.0,1464100.08,83732.95,1725589.64,9165.55,0.863,6,13,5,250,247,18,13,7,239,8,0,1,19,134,0,1010,0,156308.63,156308.63,0.0,0.0,0,-1.8717329010588648,-0.32053831227815494,0,1736762.5,1,3
10,1,2024-01-20,0,8,31,14,0,30.927,0,30.927,0.0,422.87,4911.95,93077.13,0.0,0.0,78821.0,2437697.07,83732.95,2878596.4,9344.18,0.863,6,13,5,250,247,18,13,7,239,8,0,1,19,134,0,1010,0,260250.71,260250.71,0.0,0.0,0,-1.8717329010588648,-0.32053831227815494,0,2891674.5,1,3
10,1,2024-01-23,0,28,32,14,0,35.0,2,7.315,0.0,245.18,8801.51,111831.37,8923.45,65275.04,78821.42,576578.69,87622.93,818046.47,24208.44,0.864,6,13,5,31,37,16,9,7,37,8,0,1,19,6,0,1010,0,79660.35,79660.35,0.0,0.0,0,0.9349826830603828,0.7080935488413697,0,885115.0,1,2
10,1,2024-01-23,0,28,32,14,0,40.0,2,8.36,0.0,429.07,8801.51,111647.48,8923.45,74600.04,78821.42,658947.07,87622.93,933372.93,24024.55,0.864,6,13,5,31,37,16,9,7,37,8,0,1,19,6,0,1010,0,91040.4,91040.4,0.0,0.0,0,0.9349826830603828,0.7080935488413697,0,1011560.0,1,2
10,1,2024-01-23,0,28,32,14,0,16.0,2,3.344,0.0,245.18,8801.51,111831.37,8923.45,29840.02,78821.42,263578.83,87622.93,373964.1,24208.44,0.864,6,13,5,31,37,16,9,7,37,8,0,1,19,6,0,1010,0,36416.16,36416.16,0.0,0.0,0,0.9349826830603828,0.7080935488413697,0,404624.0,1,2
10,1,2024-01-24,0,28,32,14,0,35.0,2,7.315,0.0,490.36,8801.51,111586.19,8923.45,65275.04,78821.42,576578.69,87622.93,816252.98,23963.26,0.864,6,13,5,31,37,16,9,7,37,8,0,1,19,6,0,1010,0,79660.35,79660.35,0.0,0.0,0,0.9349826830603828,0.7080935488413697,0,885115.0,1,2
10,1,2024-01-24,0,28,32,14,0,35.0,2,7.315,0.0,490.36,8801.51,111586.19,8923.45,65275.04,78821.42,576578.69,87622.93,816252.98,23963.26,0.864,6,13,5,31,37,16,9,7,37,8,0,1,19,6,0,1010,0,79660.35,79660.35,0.0,0.0,0,0.9349826830603828,0.7080935488413697,0,885115.0,1,2
10,1,2024-01-24,0,28,32,14,0,35.0,2,7.315,0.0,490.36,8801.51,111586.19,8923.45,65275.04,78821.42,576578.69,87622.93,816252.98,23963.26,0.864,6,13,5,31,37,16,9,7,37,8,0,1,19,6,0,1010,0,79660.35,79660.35,0.0,0.0,0,0.9349826830603828,0.7080935488413697,0,885115.0,1,2
10,1,2024-01-24,0,28,32,14,0,40.0,2,8.36,0.0,429.07,8801.51,111647.48,8923.45,74600.04,78821.42,658947.07,87622.93,933372.93,24024.55,0.864,6,13,5,31,37,16,9,7,37,8,0,1,19,6,0,1010,0,91040.4,91040.4,0.0,0.0,0,0.9349826830603828,0.7080935488413697,0,1011560.0,1,2
10,1,2024-01-25,0,30,36,69,0,35.0,2,7.315,0.0,490.36,8801.51,112369.11,8140.53,59547.98,84428.76,617596.38,93230.27,821980.04,19138.84,0.868,6,13,5,31,37,16,9,7,37,8,0,1,12,6,0,1010,0,79660.35,79660.35,0.0,0.0,0,0.9349826830603828,0.7080935488413697,0,885115.0,1,2
10,1,2024-01-25,0,28,32,14,0,40.0,2,8.36,0.0,429.07,8801.51,111647.48,8923.45,74600.04,78821.42,658947.07,87622.93,933372.93,24024.55,0.864,6,13,5,31,37,16,9,7,37,8,0,1,19,6,0,1010,0,91040.4,91040.4,0.0,0.0,0,0.9349826830603828,0.7080935488413697,0,1011560.0,1,2
10,1,2024-01-25,0,30,36,69,0,35.0,2,7.315,0.0,490.36,8801.51,112369.11,8140.53,59547.98,84428.76,617596.38,93230.27,821980.04,19138.84,0.868,6,13,5,31,37,16,9,7,37,8,0,1,12,6,0,1010,0,79660.35,79660.35,0.0,0.0,0,0.9349826830603828,0.7080935488413697,0,885115.0,1,2
10,1,2024-01-25,0,30,36,69,0,24.0,2,5.016,0.0,429.07,8801.51,112430.4,8140.53,40832.9,84428.76,423494.66,93230.27,563950.89,19200.13,0.868,6,13,5,31,37,16,9,7,37,8,0,1,12,6,0,1010,0,54624.24,54624.24,0.0,0.0,0,0.9349826830603828,0.7080935488413697,0,606936.0,1,2
10,1,2024-01-25,0,28,32,14,0,16.0,2,3.344,0.0,429.07,8801.51,111647.48,8923.45,29840.02,78821.42,263578.83,87622.93,373349.17,24024.55,0.864,6,13,5,31,37,16,9,7,37,8,0,1,19,6,0,1010,0,36416.16,36416.16,0.0,0.0,0,0.9349826830603828,0.7080935488413697,0,404624.0,1,2
10,1,2024-01-27,0,30,36,69,0,36.0,2,7.524,0.0,476.74,8801.51,112382.73,8140.53,61249.35,84428.76,635241.99,93230.27,845567.66,19152.46,0.868,6,13,5,31,37,16,9,7,37,8,0,1,12,6,0,1010,0,81936.36,81936.36,0.0,0.0,0,0.9349826830603828,0.7080935488413697,0,910404.0,1,2
10,1,2024-01-27,0,30,36,69,0,35.0,2,7.315,0.0,490.36,8801.51,112369.11,8140.53,59547.98,84428.76,617596.38,93230.27,821980.04,19138.84,0.868,6,13,5,31,37,16,9,7,37,8,0,1,12,6,0,1010,0,79660.35,79660.35,0.0,0.0,0,0.9349826830603828,0.7080935488413697,0,885115.0,1,2
10,1,2024-01-27,0,30,36,69,0,40.0,2,8.36,0.0,429.07,8801.51,112430.4,8140.53,68054.83,84428.76,705824.43,93230.27,939918.14,19200.13,0.868,6,13,5,31,37,16,9,7,37,8,0,1,12,6,0,1010,0,91040.4,91040.4,0.0,0.0,0,0.9349826830603828,0.7080935488413697,0,1011560.0,1,2
10,1,2024-01-27,0,30,36,69,0,11.0,2,2.299,0.0,1560.24,8801.51,111299.23,8140.53,18715.08,84428.76,194101.72,93230.27,255876.93,18068.96,0.868,6,13,5,31,37,16,9,7,37,8,0,1,12,6,0,1010,0,25036.11,25036.11,0.0,0.0,0,0.9349826830603828,0.7080935488413697,0,278179.0,1,2
10,1,2024-01-29,0,30,36,69,0,40.0,2,8.36,0.0,429.07,8801.51,112430.4,8140.53,68054.83,84428.76,705824.43,93230.27,939918.14,19200.13,0.868,6,13,5,31,37,16,9,7,37,8,0,1,12,6,0,1010,0,91040.4,91040.4,0.0,0.0,0,0.9349826830603828,0.7080935488413697,0,1011560.0,1,2
10,1,2024-01-29,0,30,36,69,0,3.0,2,0.627,0.0,490.36,8801.51,112369.11,8140.53,5104.11,84428.76,52936.83,93230.27,70455.43,19138.84,0.868,6,13,5,31,37,16,9,7,37,8,0,1,12,6,0,1010,0,6828.03,6828.03,0.0,0.0,0,0.9349826830603828,0.7080935488413697,0,75867.0,1,2
10,1,2024-01-29,0,28,32,59,0,110.0,2,22.99,0.0,0.0,5240.29,90848.18,8901.82,204652.84,70558.76,1622145.89,75799.05,2088599.66,15049.13,0.86,6,13,5,250,247,18,13,7,239,8,0,1,19,134,0,1010,0,206392.73,206392.73,0.0,0.0,0,-1.2338429955772177,-0.32053831227815494,0,2293252.5,1,3
10,1,2024-01-29,0,28,32,59,0,110.0,2,22.99,0.0,0.0,5240.29,90848.18,8901.82,204652.84,70558.76,1622145.89,75799.05,2088599.66,15049.13,0.86,6,13,5,250,247,18,13,7,239,8,0,1,19,134,0,1010,0,206392.73,206392.73,0.0,0.0,0,-1.2338429955772177,-0.32053831227815494,0,2293252.5,1,3
10,1,2024-01-30,0,28,32,59,0,109.0,2,22.781,0.0,0.0,5240.29,90848.18,8901.82,202792.36,70558.76,1607399.11,75799.05,2069612.39,15049.13,0.86,6,13,5,250,247,18,13,7,239,8,0,1,19,134,0,1010,0,204516.43,204516.43,0.0,0.0,0,-1.2338429955772177,-0.32053831227815494,0,2272404.75,1,3
10,1,2024-01-30,0,28,32,59,0,110.0,2,22.99,0.0,0.0,5240.29,90848.18,8901.82,204652.84,70558.76,1622145.89,75799.05,2088599.66,15049.13,0.86,6,13,5,250,247,18,13,7,239,8,0,1,19,134,0,1010,0,206392.73,206392.73,0.0,0.0,0,-1.2338429955772177,-0.32053831227815494,0,2293252.5,1,3
10,1,2024-01-30,0,28,32,59,0,109.0,2,22.781,0.0,0.0,5240.29,90848.18,8901.82,202792.36,70558.76,1607399.11,75799.05,2069612.39,15049.13,0.86,6,13,5,250,247,18,13,7,239,8,0,1,19,134,0,1010,0,204516.43,204516.43,0.0,0.0,0,-1.2338429955772177,-0.32053831227815494,0,2272404.75,1,3
10,1,2024-01-30,0,28,32,59,0,110.0,2,22.99,0.0,0.0,5240.29,90848.18,8901.82,204652.84,70558.76,1622145.89,75799.05,2088599.66,15049.13,0.86,6,13,5,250,247,18,13,7,239,8,0,1,19,134,0,1010,0,206392.73,206392.73,0.0,0.0,0,-1.2338429955772177,-0.32053831227815494,0,2293252.5,1,3
10,1,2024-01-30,0,28,32,59,0,110.0,2,22.99,0.0,0.0,5240.29,90848.18,8901.82,204652.84,70558.76,1622145.89,75799.05,2088599.66,15049.13,0.86,6,13,5,250,247,18,13,7,239,8,0,1,19,134,0,1010,0,206392.73,206392.73,0.0,0.0,0,-1.2338429955772177,-0.32053831227815494,0,2293252.5,1,3
10,0,2024-02-02,0,8,31,0,0,25.087,0,25.087,0.0,514.02,4885.68,92485.98,0.0,0.0,85555.43,2146329.07,90441.11,2320195.78,2044.87,0.861,6,13,5,250,247,18,13,7,239,8,0,1,19,134,0,1010,0,209978.19,209978.19,0.0,0.0,0,-1.9227640934973964,-0.32053831227815494,0,2333091.0,1,3
10,0,2024-02-02,0,8,31,0,0,24.681,0,24.681,0.0,514.01,4885.68,92485.99,0.0,0.0,85555.43,2111593.57,90441.11,2282646.72,2044.88,0.861,6,13,5,250,247,18,13,7,239,8,0,1,19,134,0,1010,0,206579.97,206579.97,0.0,0.0,0,-1.9227640934973964,-0.32053831227815494,0,2295333.0,1,3
10,0,2024-02-03,0,4,34,19,0,9.559,0,9.559,0.0,729.16,7869.63,106270.84,0.0,0.0,80492.53,769428.09,88362.16,1015842.96,17908.68,0.862,6,13,5,31,37,16,9,7,37,8,0,1,20,6,0,1010,0,92053.17,92053.17,0.0,0.0,0,-0.49389070521850686,0.7492388232861507,0,1022813.0,1,0
20,0,2024-02-05,0,23,33,19,0,21.0,2,4.389,0.0,948.28,8774.03,108128.27,8923.45,39165.02,80492.53,353281.71,89266.56,474574.98,18861.71,0.862,6,13,5,31,37,16,9,7,37,8,0,1,20,6,0,1010,0,46611.18,46611.18,0.0,0.0,0,0.6287955284291922,0.7903840977309315,0,517902.0,1,2
10,0,2024-02-19,0,28,32,33,0,35.0,2,7.315,0.0,0.0,9361.6,107958.12,9041.88,66141.35,79426.58,581005.43,88788.18,789713.65,19169.94,0.862,6,13,5,31,37,16,9,7,37,8,0,1,19,6,0,1010,0,77026.95,77026.95,0.0,0.0,0,0.5267331435521286,1.0784010188443984,0,855855.0,1,2
10,0,2024-02-19,0,28,32,33,0,35.0,2,7.315,0.0,0.0,9361.6,107958.12,9041.88,66141.35,79426.58,581005.43,88788.18,789713.65,19169.94,0.862,6,13,5,31,37,16,9,7,37,8,0,1,19,6,0,1010,0,77026.95,77026.95,0.0,0.0,0,0.5267331435521286,1.0784010188443984,0,855855.0,1,2
10,0,2024-02-19,0,28,32,33,0,35.0,2,7.315,0.0,0.0,9361.6,107958.12,9041.88,66141.35,79426.58,581005.43,88788.18,789713.65,19169.94,0.862,6,13,5,31,37,16,9,7,37,8,0,1,19,6,0,1010,0,77026.95,77026.95,0.0,0.0,0,0.5267331435521286,1.0784010188443984,0,855855.0,1,2
10,0,2024-02-19,0,28,32,33,0,40.0,2,8.36,0.0,0.0,9361.6,107958.12,9041.88,75590.12,79426.58,664006.21,88788.18,902529.88,19169.94,0.862,6,13,5,31,37,16,9,7,37,8,0,1,19,6,0,1010,0,88030.8,88030.8,0.0,0.0,0,0.5267331435521286,1.0784010188443984,0,978120.0,1,2
10,0,2024-02-20,0,28,32,33,0,33.0,2,6.897,0.0,520.08,8510.55,107438.04,9041.88,62361.85,79426.58,547805.12,87937.13,741000.16,19500.91,0.862,6,13,5,31,37,16,9,7,37,8,0,1,19,6,0,1010,0,72625.41,72625.41,0.0,0.0,0,0.5267331435521286,0.7080935488413697,0,806949.0,1,2
10,0,2024-02-20,0,28,32,33,0,34.0,2,7.106,0.0,504.78,8510.55,107453.34,9041.88,64251.6,79426.58,564405.28,87937.13,763563.43,19516.21,0.862,6,13,5,31,37,16,9,7,37,8,0,1,19,6,0,1010,0,74826.18,74826.18,0.0,0.0,0,0.5267331435521286,0.7080935488413697,0,831402.0,1,2
10,0,2024-02-20,0,28,32,33,0,33.0,2,6.897,0.0,520.08,8510.55,107438.04,9041.88,62361.85,79426.58,547805.12,87937.13,741000.16,19500.91,0.862,6,13,5,31,37,16,9,7,37,8,0,1,19,6,0,1010,0,72625.41,72625.41,0.0,0.0,0,0.5267331435521286,0.7080935488413697,0,806949.0,1,2
10,0,2024-02-21,0,8,31,33,0,24.971,0,24.971,0.0,568.26,4998.43,92431.74,0.0,0.0,79426.58,1983361.13,84425.01,2308112.98,8006.73,0.861,6,13,5,250,247,18,13,7,239,8,0,1,19,134,0,1010,0,209007.27,209007.27,0.0,0.0,0,-1.9227640934973964,-0.25882040061098344,0,2322303.0,1,3
10,0,2024-02-21,0,8,31,33,0,24.948,0,24.948,0.0,568.25,4998.43,92431.75,0.0,0.0,79426.58,1981534.32,84425.01,2305987.3,8006.74,0.861,6,13,5,250,247,18,13,7,239,8,0,1,19,134,0,1010,0,208814.76,208814.76,0.0,0.0,0,-1.9227640934973964,-0.25882040061098344,0,2320164.0,1,3
10,0,2024-02-21,0,8,31,33,0,14.472,0,14.472,0.0,600.1,4998.43,92399.9,0.0,0.0,79426.58,1149461.47,84425.01,1337211.35,7974.89,0.861,6,13,5,250,247,18,13,7,239,8,0,1,19,134,0,1010,0,121130.64,121130.64,0.0,0.0,0,-1.9227640934973964,-0.25882040061098344,0,1345896.0,1,3
10,0,2024-02-23,0,28,32,6,0,24.0,2,5.016,0.0,0.0,5646.42,94576.55,8923.45,44760.03,86518.66,433977.6,92165.08,474395.97,2411.47,0.861,6,13,5,250,247,18,13,7,239,8,0,1,19,134,0,1010,0,46724.04,46724.04,0.0,0.0,0,-0.8511090522882293,-0.21767512616620247,0,519156.0,1,3
10,0,2024-02-23,0,28,32,6,0,24.0,2,5.016,0.0,0.0,5646.42,94576.55,8923.45,44760.03,86518.66,433977.6,92165.08,474395.97,2411.47,0.861,6,13,5,250,247,18,13,7,239,8,0,1,19,134,0,1010,0,46724.04,46724.04,0.0,0.0,0,-0.8511090522882293,-0.21767512616620247,0,519156.0,1,3
10,0,2024-02-26,0,8,31,36,0,32.604,0,32.604,0.0,544.32,5214.23,92955.68,0.0,0.0,81611.36,2660856.78,86825.59,3030726.99,6130.09,0.864,6,13,5,250,247,18,13,7,239,8,0,1,19,134,0,1010,0,274362.66,274362.66,0.0,0.0,0,-1.8717329010588648,-0.155957214499031,0,3048474.0,1,3
10,0,2024-02-26,0,8,31,36,0,39.028,0,39.028,0.0,544.32,5214.23,92955.68,0.0,0.0,81611.36,3185128.16,86825.59,3627874.28,6130.09,0.864,6,13,5,250,247,18,13,7,239,8,0,1,19,134,0,1010,0,328420.62,328420.62,0.0,0.0,0,-1.8717329010588648,-0.155957214499031,0,3649118.0,1,3
10,0,2024-02-26,0,8,31,36,0,33.947,0,33.947,0.0,544.32,5214.23,92955.68,0.0,0.0,81611.36,2770460.84,86825.59,3155566.47,6130.09,0.864,6,13,5,250,247,18,13,7,239,8,0,1,19,134,0,1010,0,285664.01,285664.01,0.0,0.0,0,-1.8717329010588648,-0.155957214499031,0,3174044.5000000005,1,3
10,0,2024-02-26,0,28,32,0,0,106.0,2,22.154,0.0,0.0,8801.51,112076.55,8923.45,197690.11,85579.0,1895917.17,94380.51,2482943.89,17696.04,0.861,6,13,5,31,37,16,9,7,37,8,0,1,19,6,0,1010,0,241257.06,241257.06,0.0,0.0,0,0.9349826830603828,0.7080935488413697,0,2680634.0,1,2
10,0,2024-02-26,0,28,32,0,0,107.0,2,22.363,0.0,0.0,8801.51,112076.55,8923.45,199555.11,85579.0,1913803.18,94380.51,2506367.89,17696.04,0.861,6,13,5,31,37,16,9,7,37,8,0,1,19,6,0,1010,0,243533.07,243533.07,0.0,0.0,0,0.9349826830603828,0.7080935488413697,0,2705923.0,1,2
10,0,2024-02-26,0,28,32,0,0,106.0,2,22.154,0.0,0.0,8801.51,112076.55,8923.45,197690.11,85579.0,1895917.17,94380.51,2482943.89,17696.04,0.861,6,13,5,31,37,16,9,7,37,8,0,1,19,6,0,1010,0,241257.06,241257.06,0.0,0.0,0,0.9349826830603828,0.7080935488413697,0,2680634.0,1,2
10,0,2024-02-29,0,4,34,37,0,9.434,0,9.434,0.0,738.82,7710.41,105261.18,0.0,0.0,76391.95,720681.66,84102.36,993033.97,21158.82,0.865,6,13,5,31,37,16,9,7,37,8,0,1,20,6,0,1010,0,90000.36,90000.36,0.0,0.0,0,-0.5959530900955704,0.7080935488413697,0,1000004.0,1,0
20,0,2024-02-29,0,23,33,37,0,21.0,2,4.389,0.0,1036.91,8510.55,106874.13,9088.96,39891.45,76391.95,335284.27,84902.5,469070.56,21971.63,0.865,6,13,5,31,37,16,9,7,37,8,0,1,20,6,0,1010,0,46216.17,46216.17,0.0,0.0,0,0.5267331435521286,0.7080935488413697,0,513513.0,1,2
10,0,2024-02-29,0,30,36,23,0,10.0,2,2.09,0.0,490.36,8801.51,111586.19,8923.45,18650.01,85627.9,178962.31,94429.41,233215.14,17156.78,0.857,6,13,5,31,37,16,9,7,37,8,0,1,12,6,0,1010,0,22760.1,22760.1,0.0,0.0,0,0.9349826830603828,0.7080935488413697,0,252890.0,1,2
10,2,2024-03-01,0,28,32,0,0,106.0,2,22.154,0.0,0.0,8801.51,112076.55,8923.45,197690.11,85579.0,1895917.17,94380.51,2482943.89,17696.04,0.861,6,13,5,31,37,16,9,7,37,8,0,1,19,6,0,1010,0,241257.06,241257.06,0.0,0.0,0,0.9349826830603828,0.7080935488413697,0,2680634.0,1,2
10,2,2024-03-01,0,28,32,0,0,106.0,2,22.154,0.0,0.0,8801.51,112076.55,8923.45,197690.11,85579.0,1895917.17,94380.51,2482943.89,17696.04,0.861,6,13,5,31,37,16,9,7,37,8,0,1,19,6,0,1010,0,241257.06,241257.06,0.0,0.0,0,0.9349826830603828,0.7080935488413697,0,2680634.0,1,2
10,2,2024-03-02,0,28,32,0,0,107.0,2,22.363,0.0,0.0,8801.51,112076.55,8923.45,199555.11,85579.0,1913803.18,94380.51,2506367.89,17696.04,0.861,6,13,5,31,37,16,9,7,37,8,0,1,19,6,0,1010,0,243533.07,243533.07,0.0,0.0,0,0.9349826830603828,0.7080935488413697,0,2705923.0,1,2
10,2,2024-03-12,0,23,33,42,0,1.0,2,0.209,0.0,0.0,0.0,120925.41,9074.59,1896.59,79253.0,16563.88,79253.0,25273.41,41672.41,0.861,6,13,5,283,272,15,14,7,264,8,0,1,20,134,0,1010,0,2445.3,2445.3,0.0,0.0,0,1.8535441469539546,-2.994981151188919,0,27170.0,1,1
10,2,2024-03-13,0,28,32,0,0,110.0,2,22.99,0.0,0.0,8583.29,109076.55,8923.45,205150.12,85579.0,1967461.21,94162.29,2507669.88,14914.26,0.861,6,13,5,31,37,16,9,7,37,8,0,1,19,6,0,1010,0,244153.8,244153.8,0.0,0.0,0,0.6287955284291922,0.7080935488413697,0,2712820.0,1,2
10,2,2024-03-15,0,28,32,0,0,110.0,2,22.99,0.0,0.0,8583.29,109076.55,8923.45,205150.12,85579.0,1967461.21,94162.29,2507669.88,14914.26,0.861,6,13,5,31,37,16,9,7,37,8,0,1,19,6,0,1010,0,244153.8,244153.8,0.0,0.0,0,0.6287955284291922,0.7080935488413697,0,2712820.0,1,2
10,2,2024-03-15,0,28,32,0,0,13.0,2,2.717,0.0,0.0,8583.29,109076.55,8923.45,24245.01,85579.0,232518.14,94162.29,296360.99,14914.26,0.861,6,13,5,31,37,16,9,7,37,8,0,1,19,6,0,1010,0,28854.54,28854.54,0.0,0.0,0,0.6287955284291922,0.7080935488413697,0,320606.0,1,2
10,2,2024-03-15,0,28,32,0,0,97.0,2,20.273,0.0,0.0,8583.29,109076.55,8923.45,180905.1,85579.0,1734943.07,94162.29,2211308.9,14914.26,0.861,6,13,5,31,37,16,9,7,37,8,0,1,19,6,0,1010,0,215299.26,215299.26,0.0,0.0,0,0.6287955284291922,0.7080935488413697,0,2392214.0,1,2
10,2,2024-03-15,0,28,32,0,0,84.0,2,17.556,0.0,0.0,8583.29,109076.55,8923.45,156660.09,85579.0,1502424.92,94162.29,1914947.91,14914.26,0.861,6,13,5,31,37,16,9,7,37,8,0,1,19,6,0,1010,0,186444.72,186444.72,0.0,0.0,0,0.6287955284291922,0.7080935488413697,0,2071608.0,1,2
10,2,2024-03-18,0,28,32,0,0,35.0,2,7.315,0.0,490.36,8678.66,108586.19,8923.45,65275.04,85579.0,626010.39,94257.66,794307.98,14328.53,0.861,6,13,5,31,37,16,9,7,37,8,0,1,19,6,0,1010,0,77685.3,77685.3,0.0,0.0,0,0.6287955284291922,0.7492388232861507,0,863170.0,1,2
10,2,2024-03-19,0,28,32,0,0,40.0,2,8.36,0.0,429.07,8678.66,108647.48,8923.45,74600.04,85579.0,715440.44,94257.66,908292.93,14389.82,0.861,6,13,5,31,37,16,9,7,37,8,0,1,19,6,0,1010,0,88783.2,88783.2,0.0,0.0,0,0.6287955284291922,0.7492388232861507,0,986480.0,1,2
10,2,2024-03-19,0,28,32,0,0,35.0,2,7.315,0.0,490.36,8678.66,108586.19,8923.45,65275.04,85579.0,626010.39,94257.66,794307.98,14328.53,0.861,6,13,5,31,37,16,9,7,37,8,0,1,19,6,0,1010,0,77685.3,77685.3,0.0,0.0,0,0.6287955284291922,0.7492388232861507,0,863170.0,1,2
10,2,2024-03-19,0,28,32,0,0,35.0,2,7.315,0.0,490.36,8678.66,108586.19,8923.45,65275.04,85579.0,626010.39,94257.66,794307.98,14328.53,0.861,6,13,5,31,37,16,9,7,37,8,0,1,19,6,0,1010,0,77685.3,77685.3,0.0,0.0,0,0.6287955284291922,0.7492388232861507,0,863170.0,1,2
10,2,2024-03-19,0,28,32,0,0,110.0,2,22.99,0.0,0.0,8678.66,109076.55,8923.45,205150.12,85579.0,1967461.21,94257.66,2507669.88,14818.89,0.861,6,13,5,31,37,16,9,7,37,8,0,1,19,6,0,1010,0,244153.8,244153.8,0.0,0.0,0,0.6287955284291922,0.7492388232861507,0,2712820.0,1,2
10,2,2024-03-20,0,28,32,0,0,35.0,2,7.315,0.0,490.36,8726.34,108586.19,8923.45,65275.04,85579.0,626010.39,94305.34,794307.98,14280.85,0.861,6,13,5,31,37,16,9,7,37,8,0,1,19,6,0,1010,0,77685.3,77685.3,0.0,0.0,0,0.6287955284291922,0.7698114605085411,0,863170.0,1,2
10,2,2024-03-20,0,28,32,0,0,35.0,2,7.315,0.0,248.73,8726.34,108827.82,8923.45,65275.04,85579.0,626010.39,94305.34,796075.5,14522.48,0.861,6,13,5,31,37,16,9,7,37,8,0,1,19,6,0,1010,0,77685.3,77685.3,0.0,0.0,0,0.6287955284291922,0.7698114605085411,0,863170.0,1,2
10,2,2024-03-20,0,28,32,0,0,35.0,2,7.315,0.0,490.36,8726.34,108586.19,8923.45,65275.04,85579.0,626010.39,94305.34,794307.98,14280.85,0.861,6,13,5,31,37,16,9,7,37,8,0,1,19,6,0,1010,0,77685.3,77685.3,0.0,0.0,0,0.6287955284291922,0.7698114605085411,0,863170.0,1,2
10,2,2024-03-20,0,28,32,0,0,110.0,2,22.99,0.0,0.0,8726.34,109076.55,8923.45,205150.12,85579.0,1967461.21,94305.34,2507669.88,14771.21,0.861,6,13,5,31,37,16,9,7,37,8,0,1,19,6,0,1010,0,244153.8,244153.8,0.0,0.0,0,0.6287955284291922,0.7698114605085411,0,2712820.0,1,2
10,2,2024-03-20,0,28,32,0,0,33.0,2,6.897,0.0,520.08,8726.34,108556.47,8923.45,61545.03,85579.0,590238.36,94305.34,748713.97,14251.13,0.861,6,13,5,31,37,16,9,7,37,8,0,1,19,6,0,1010,0,73246.14,73246.14,0.0,0.0,0,0.6287955284291922,0.7698114605085411,0,813846.0,1,2
10,2,2024-03-20,0,28,32,0,0,34.0,2,7.106,0.0,248.73,8726.34,108827.82,8923.45,63410.04,85579.0,608124.37,94305.34,773330.49,14522.48,0.861,6,13,5,31,37,16,9,7,37,8,0,1,19,6,0,1010,0,75465.72,75465.72,0.0,0.0,0,0.6287955284291922,0.7698114605085411,0,838508.0,1,2
10,2,2024-03-21,0,28,32,0,0,1.0,2,0.209,0.0,424.35,8726.34,108652.2,8923.45,1865.0,85579.0,17886.01,94305.34,22708.31,14346.86,0.861,6,13,5,31,37,16,9,7,37,8,0,1,19,6,0,1010,0,2219.58,2219.58,0.0,0.0,0,0.6287955284291922,0.7698114605085411,0,24662.0,1,2
10,2,2024-03-23,0,8,31,46,0,40.116,0,40.116,0.0,541.8,5818.77,92958.2,0.0,0.0,81775.67,3280512.78,87594.44,3729111.15,5363.76,0.86,6,13,5,250,247,18,13,7,239,8,0,1,19,134,0,1010,0,337576.14,337576.14,0.0,0.0,0,-1.8717329010588648,0.17320498105921686,0,3750846.0,1,3
10,2,2024-03-23,0,8,31,46,0,40.105,0,40.105,0.0,541.8,5818.77,92958.2,0.0,0.0,81775.67,3279613.25,87594.44,3728088.61,5363.76,0.86,6,13,5,250,247,18,13,7,239,8,0,1,19,134,0,1010,0,337483.58,337483.58,0.0,0.0,0,-1.8717329010588648,0.17320498105921686,0,3749817.5,1,3
10,2,2024-03-23,0,8,31,46,0,25.291,0,25.291,0.0,593.39,5818.77,92906.61,0.0,0.0,81775.67,2068188.47,87594.44,2349701.07,5312.17,0.86,6,13,5,250,247,18,13,7,239,8,0,1,19,134,0,1010,0,212823.77,212823.77,0.0,0.0,0,-1.8717329010588648,0.17320498105921686,0,2364708.5,1,3
10,2,2024-03-26,0,28,32,0,0,106.0,2,22.154,0.0,0.0,8583.29,109076.55,8923.45,197690.11,85579.0,1895917.17,94162.29,2416481.89,14914.26,0.861,6,13,5,31,37,16,9,7,37,8,0,1,19,6,0,1010,0,235275.48,235275.48,0.0,0.0,0,0.6287955284291922,0.7080935488413697,0,2614172.0,1,2
10,2,2024-03-26,0,28,32,0,0,105.0,2,21.945,0.0,0.0,8583.29,109076.55,8923.45,195825.11,85579.0,1878031.16,94162.29,2393684.89,14914.26,0.861,6,13,5,31,37,16,9,7,37,8,0,1,19,6,0,1010,0,233055.9,233055.9,0.0,0.0,0,0.6287955284291922,0.7080935488413697,0,2589510.0,1,2
10,2,2024-03-26,0,28,32,0,0,106.0,2,22.154,0.0,0.0,8583.29,109076.55,8923.45,197690.11,85579.0,1895917.17,94162.29,2416481.89,14914.26,0.861,6,13,5,31,37,16,9,7,37,8,0,1,19,6,0,1010,0,235275.48,235275.48,0.0,0.0,0,0.6287955284291922,0.7080935488413697,0,2614172.0,1,2
10,2,2024-03-30,0,8,31,52,0,18.844,0,18.844,0.0,602.9,5043.29,95397.1,0.0,0.0,81650.72,1538626.17,86694.01,1797662.95,8703.09,0.865,6,13,5,250,247,18,13,7,239,8,0,1,19,134,0,1010,0,162812.16,162812.16,0.0,0.0,0,-1.616576938866206,-0.32053831227815494,0,1809024.0,1,3
10,2,2024-03-30,0,8,31,52,0,26.971,0,26.971,0.0,596.85,5043.29,95403.15,0.0,0.0,81650.72,2202201.57,86694.01,2573118.36,8709.14,0.865,6,13,5,250,247,18,13,7,239,8,0,1,19,134,0,1010,0,233029.44,233029.44,0.0,0.0,0,-1.616576938866206,-0.32053831227815494,0,2589216.0,1,3
10,2,2024-03-30,0,8,31,52,0,9.399,0,9.399,0.0,741.57,5043.29,95258.43,0.0,0.0,81650.72,767435.12,86694.01,895333.98,8564.42,0.865,6,13,5,250,247,18,13,7,239,8,0,1,19,134,0,1010,0,81207.36,81207.36,0.0,0.0,0,-1.616576938866206,-0.32053831227815494,0,902304.0,1,3
10,2,2024-03-30,0,28,32,52,0,8.0,2,1.672,0.0,0.0,5437.29,94600.48,8899.52,14880.0,81650.72,136520.0,87088.01,158172.0,7512.47,0.865,6,13,5,250,247,18,13,7,239,8,0,1,19,134,0,1010,0,15574.68,15574.68,0.0,0.0,0,-0.8511090522882293,-0.32053831227815494,0,173052.0,1,3
10,1,2024-01-04,0,8,31,150,0,33.681,0,33.681,0.0,1156.88,7827.16,106448.12,0.0,0.0,79193.8,2667326.38,87020.96,3585279.13,19427.16,0.864,7,6,2,96,98,14,5,8,95,9,0,1,19,206,0,1011,1,0.0,0.0,0.0,652363.92,0,-0.4321429623678834,0.7080935488413697,0,3624244.005,1,0
10,1,2024-01-08,0,8,31,150,0,29.317,0,29.317,0.0,4230.16,4641.39,105155.34,0.0,0.0,79193.8,2321724.63,83835.19,3082839.1,21320.15,0.864,7,6,2,303,288,14,5,7,257,8,0,1,19,41,0,1011,1,0.0,0.0,0.0,577233.85,0,-0.25042088609427177,-0.8348542428379172,0,3206854.7035,1,4
10,1,2024-01-11,0,23,33,95,0,18.0,2,3.762,0.0,0.0,0.0,106093.92,8906.08,33504.67,76721.89,288627.75,76721.89,399125.33,29372.03,0.86,4,22,6,83,83,5,11,4,81,5,0,1,20,42,0,1011,1,0.0,0.0,0.0,77873.4,0,0.3226083737980015,-2.994981151188919,0,432630.0,1,4
10,1,2024-01-22,0,8,31,115,0,33.75,0,33.75,0.0,1156.9,7827.16,106448.1,0.0,0.0,81865.72,2762968.05,89692.88,3592623.38,16755.22,0.864,7,6,2,96,98,14,5,8,95,9,0,1,19,206,0,1011,1,0.0,0.0,0.0,653700.38,0,-0.4321429623678834,0.7080935488413697,0,3631668.75,1,0
10,1,2024-01-25,0,28,32,122,0,136.0,2,28.424,0.0,0.0,4943.27,107600.39,8899.61,252962.51,82906.93,2356546.58,87850.2,3058433.49,19750.19,0.865,7,6,2,301,288,14,5,7,257,8,0,1,19,123,0,1011,1,0.0,0.0,0.0,596051.28,0,0.4757019511135968,-0.8348542428379172,0,3311396.0,1,1
20,1,2024-01-25,0,8,31,122,0,28.879,0,28.879,0.0,4234.98,4641.39,105150.52,0.0,0.0,82906.93,2394269.23,87548.32,3036641.87,17602.2,0.865,7,6,2,301,288,14,5,7,257,8,0,1,19,123,0,1011,1,0.0,0.0,0.0,568609.89,0,-0.25042088609427177,-0.8348542428379172,0,3158943.8545000004,1,4
20,1,2024-01-25,0,8,31,122,0,29.087,0,29.087,0.0,4235.0,4641.39,105150.5,0.0,0.0,82906.93,2411513.87,87548.32,3058512.59,17602.18,0.865,7,6,2,301,288,14,5,7,257,8,0,1,19,123,0,1011,1,0.0,0.0,0.0,572705.29,0,-0.25042088609427177,-0.8348542428379172,0,3181696.0385,1,4
10,1,2024-01-25,0,28,32,122,0,132.0,2,27.588,0.0,0.0,4943.27,107600.39,8899.61,245522.44,82906.93,2287236.38,87850.2,2968479.56,19750.19,0.865,7,6,2,301,288,14,5,7,257,8,0,1,19,123,0,1011,1,0.0,0.0,0.0,578520.36,0,0.4757019511135968,-0.8348542428379172,0,3214002.0,1,1
20,1,2024-01-27,0,28,32,150,0,68.0,2,14.212,0.0,1055.45,8940.08,112940.67,8908.88,126613.0,79193.8,1125502.29,88133.88,1605112.8,24806.79,0.864,7,6,2,96,98,14,5,8,95,9,0,1,19,206,0,1011,1,0.0,0.0,0.0,314410.65,0,1.1294115262511888,0.7080935488413697,0,1746725.86,1,2
10,1,2024-01-27,0,28,32,122,0,140.0,2,29.26,0.0,0.0,4943.27,107600.39,8899.61,260402.59,82906.93,2425856.77,87850.2,3148387.41,19750.19,0.865,7,6,2,301,288,14,5,7,257,8,0,1,19,123,0,1011,1,0.0,0.0,0.0,613582.2,0,0.4757019511135968,-0.8348542428379172,0,3408790.0,1,1
10,1,2024-01-31,0,28,32,122,0,119.0,2,24.871,7485.5,751.88,10478.73,115639.01,8899.61,221342.2,82906.93,2061978.26,93385.66,2876057.82,22253.35,0.865,7,6,2,98,99,14,5,8,95,9,0,1,19,206,0,1011,1,0.0,0.0,0.0,560898.01,0,0.6088933633781648,1.4898537632922082,0,2929928.155,1,2
10,1,2024-01-31,0,28,32,122,0,119.0,2,24.871,7485.5,751.88,10478.73,115639.01,8899.61,221342.2,82906.93,2061978.26,93385.66,2876057.82,22253.35,0.865,7,6,2,98,99,14,5,8,95,9,0,1,19,206,0,1011,1,0.0,0.0,0.0,560898.01,0,0.6088933633781648,1.4898537632922082,0,2929928.155,1,2
10,0,2024-02-02,0,28,32,150,0,131.0,2,27.379,0.0,1265.57,5770.68,108825.55,8908.88,243916.23,79193.8,2168247.05,84964.48,2979534.73,23861.07,0.864,2,30,1,252,249,2,3,7,241,8,0,1,19,29,0,1011,1,0.0,0.0,0.0,586458.18,0,0.7308579133062557,-0.5262646845020599,0,3258101.0,1,1
10,0,2024-02-05,0,8,31,122,0,29.064,0,29.064,0.0,4305.56,4732.25,107221.24,0.0,0.0,82906.93,2409607.01,87639.18,3116278.12,19582.06,0.865,7,6,2,301,288,14,5,7,257,8,0,1,19,123,0,1011,1,0.0,0.0,0.0,583454.69,0,-0.03187470135701531,-0.8348542428379172,0,3241414.9152,1,4
10,0,2024-02-05,0,8,31,122,0,29.156,0,29.156,0.0,4305.63,4732.25,107221.17,0.0,0.0,82906.93,2417234.45,87639.18,3126140.43,19581.99,0.865,7,6,2,301,288,14,5,7,257,8,0,1,19,123,0,1011,1,0.0,0.0,0.0,585301.57,0,-0.03187470135701531,-0.8348542428379172,0,3251675.3808,1,4
10,0,2024-02-07,0,8,31,91,0,24.023,0,24.023,0.0,1257.92,9520.72,103452.08,0.0,0.0,82530.26,1982624.44,92050.98,2485229.32,11401.1,0.865,7,6,2,98,99,14,5,8,95,9,0,1,19,206,0,1011,1,0.0,0.0,0.0,452780.7,0,-0.7276135665869824,1.6338622238489418,0,2515448.33,1,0
10,0,2024-02-07,0,8,31,91,0,23.584,0,23.584,0.0,1281.33,9520.72,103428.67,0.0,0.0,82530.26,1946393.65,92050.98,2439261.75,11377.69,0.865,7,6,2,98,99,14,5,8,95,9,0,1,19,206,0,1011,1,0.0,0.0,0.0,444506.52,0,-0.7276135665869824,1.6338622238489418,0,2469480.64,1,0
10,0,2024-02-07,0,8,31,91,0,24.393,0,24.393,0.0,1244.74,9520.72,103465.26,0.0,0.0,82530.26,2013160.63,92050.98,2523828.09,11414.28,0.865,7,6,2,98,99,14,5,8,95,9,0,1,19,206,0,1011,1,0.0,0.0,0.0,459754.39,0,-0.7276135665869824,1.6338622238489418,0,2554191.0300000003,1,0
10,0,2024-02-07,0,4,34,94,0,20.023,0,20.023,0.0,5887.24,4445.21,104112.76,0.0,0.0,81454.05,1630954.44,85899.26,2084649.79,18213.5,0.861,1,30,1,164,159,1,2,8,152,9,0,1,20,4,0,1011,1,0.0,0.0,0.0,396455.4,0,-0.18770355058731622,-0.9377174289498696,0,2202530.0,1,4
10,0,2024-02-07,0,8,31,91,0,19.723,0,19.723,0.0,1532.17,9520.72,103177.83,0.0,0.0,82530.26,1627744.32,92050.98,2034976.34,11126.85,0.865,7,6,2,98,99,14,5,8,95,9,0,1,19,206,0,1011,1,0.0,0.0,0.0,371735.16,0,-0.7276135665869824,1.6338622238489418,0,2065195.33,1,0
10,0,2024-02-07,0,8,31,91,0,28.74,0,28.74,0.0,423.85,9520.72,104286.15,0.0,0.0,82530.26,2371919.67,92050.98,2997183.95,12235.17,0.865,7,6,2,98,99,14,5,8,95,9,0,1,19,206,0,1011,1,0.0,0.0,0.0,541685.77,0,-0.7276135665869824,1.6338622238489418,0,3009365.4,1,0
10,0,2024-02-08,0,28,32,150,0,66.0,2,13.794,0.0,0.0,6566.78,116091.12,8908.88,122889.09,79193.8,1092399.28,85760.58,1601360.91,30330.54,0.864,2,30,1,183,180,2,3,7,174,8,0,1,19,111,0,1011,1,0.0,0.0,0.0,310365.0,0,1.343232222568637,-0.32053831227815494,0,1724250.0,1,1
10,0,2024-02-08,0,28,32,150,0,66.0,2,13.794,0.0,0.0,6566.78,116091.12,8908.88,122889.09,79193.8,1092399.28,85760.58,1601360.91,30330.54,0.864,2,30,1,183,180,2,3,7,174,8,0,1,19,111,0,1011,1,0.0,0.0,0.0,310365.0,0,1.343232222568637,-0.32053831227815494,0,1724250.0,1,1
10,0,2024-02-09,0,30,36,142,0,119.0,2,24.871,0.0,3709.14,5334.25,119391.57,8899.29,221334.24,84545.82,2102739.09,89880.07,2969387.74,29511.5,0.869,1,30,1,130,126,1,2,7,121,8,0,1,12,119,0,1011,1,0.0,0.0,0.0,590934.96,0,2.057668916708082,-0.9377174289498696,0,3282972.0,1,1
10,0,2024-02-09,0,30,36,142,0,118.0,2,24.662,0.0,3740.57,5334.25,119360.14,8899.29,219474.29,84545.82,2085069.01,89880.07,2943659.77,29480.07,0.869,1,30,1,130,126,1,2,7,121,8,0,1,12,119,0,1011,1,0.0,0.0,0.0,585969.12,0,2.057668916708082,-0.9377174289498696,0,3255384.0,1,1
10,0,2024-02-10,0,36,35,73,0,120.0,2,25.08,0.0,745.61,9435.07,119873.48,9090.91,228000.02,80512.38,2019250.49,89947.45,3006426.88,29926.03,0.862,7,6,2,96,98,14,5,8,95,9,0,1,21,206,0,1011,1,0.0,0.0,0.0,585562.82,0,1.8239460553396063,0.7080935488413697,0,3253126.8,1,2
10,0,2024-02-12,0,36,35,73,0,100.0,2,20.9,0.0,894.74,9435.07,119724.35,9090.91,190000.02,80512.38,1682708.74,89947.45,2502238.92,29776.9,0.862,7,6,2,96,98,14,5,8,95,9,0,1,21,206,0,1011,1,0.0,0.0,0.0,487969.02,0,1.8239460553396063,0.7080935488413697,0,2710939.0,1,2
10,0,2024-02-12,0,8,31,91,0,27.884,0,27.884,0.0,2949.15,6031.34,96550.85,0.0,0.0,82530.26,2301273.77,88561.6,2692223.9,7989.25,0.865,4,1,0,309,280,6,12,7,268,8,0,1,19,175,0,1011,1,0.0,0.0,0.0,499402.44,0,-1.2593585917964834,0.0909144321696549,0,2774458.0,1,3
10,0,2024-02-12,0,8,31,91,0,33.711,0,33.711,0.0,2901.0,6031.34,96599.0,0.0,0.0,82530.26,2782177.59,88561.6,3256448.89,8037.4,0.865,4,1,0,309,280,6,12,7,268,8,0,1,19,175,0,1011,1,0.0,0.0,0.0,603764.01,0,-1.2593585917964834,0.0909144321696549,0,3354244.5,1,3
10,0,2024-02-12,0,8,31,91,0,28.74,0,28.74,0.0,2900.99,6031.34,96599.01,0.0,0.0,82530.26,2371919.67,88561.6,2776255.55,8037.41,0.865,4,1,0,309,280,6,12,7,268,8,0,1,19,175,0,1011,1,0.0,0.0,0.0,514733.4,0,-1.2593585917964834,0.0909144321696549,0,2859630.0,1,3
10,0,2024-02-12,0,8,31,91,0,28.694,0,28.694,0.0,2900.97,6031.34,96599.03,0.0,0.0,82530.26,2368123.28,88561.6,2771812.57,8037.43,0.865,4,1,0,309,280,6,12,7,268,8,0,1,19,175,0,1011,1,0.0,0.0,0.0,513909.54,0,-1.2593585917964834,0.0909144321696549,0,2855053.0,1,3
10,0,2024-02-12,0,36,35,73,0,51.0,2,10.659,0.0,1031.99,9435.07,119587.1,9090.91,96900.01,80512.38,858181.46,89947.45,1274678.9,29639.65,0.862,7,6,2,96,98,14,5,8,95,9,0,1,21,206,0,1011,1,0.0,0.0,0.0,248864.2,0,1.8239460553396063,0.7080935488413697,0,1382578.89,1,2
10,0,2024-02-12,0,36,35,73,0,80.0,2,16.72,0.0,897.13,9435.07,119721.96,9090.91,152000.02,80512.38,1346166.99,89947.45,2001751.17,29774.51,0.862,7,6,2,96,98,14,5,8,95,9,0,1,21,206,0,1011,1,0.0,0.0,0.0,390375.22,0,1.8239460553396063,0.7080935488413697,0,2168751.2,1,2
10,0,2024-02-14,0,8,31,91,0,11.954,0,11.954,0.0,4411.41,4599.37,106088.59,0.0,0.0,82530.26,986566.73,87129.63,1268183.0,18958.96,0.865,4,1,0,103,95,6,12,7,181,8,0,1,19,175,0,1011,1,0.0,0.0,0.0,237765.06,0,-0.13667235814878445,-0.8759995172826982,0,1320917.0,1,4
10,0,2024-02-17,0,8,31,153,0,24.411,0,24.411,0.0,4337.5,4692.31,105248.1,0.0,0.0,82596.79,2016270.24,87289.1,2569211.37,17959.0,0.866,7,6,2,301,288,14,5,7,257,8,0,1,19,123,0,1011,1,0.0,0.0,0.0,485910.91,0,-0.12793581800330722,-0.8348542428379172,1000,2699505.0816,1,4
10,0,2024-02-17,0,8,31,153,0,24.203,0,24.203,0.0,4345.8,4692.31,105239.8,0.0,0.0,82596.79,1999090.11,87289.1,2547118.88,17950.7,0.866,7,6,2,301,288,14,5,7,257,8,0,1,19,123,0,1011,1,0.0,0.0,0.0,481770.59,0,-0.12793581800330722,-0.8348542428379172,1000,2676503.2768,1,4
10,0,2024-02-17,0,8,31,153,0,24.203,0,24.203,0.0,4345.8,4692.31,105239.8,0.0,0.0,82596.79,1999090.11,87289.1,2547118.88,17950.7,0.866,7,6,2,301,288,14,5,7,257,8,0,1,19,123,0,1011,1,0.0,0.0,0.0,481770.59,0,-0.12793581800330722,-0.8348542428379172,1000,2676503.2768,1,4
10,0,2024-02-17,0,8,31,153,0,24.249,0,24.249,0.0,4337.56,4692.31,105248.04,0.0,0.0,82596.79,2002889.56,87289.1,2552159.72,17958.94,0.866,7,6,2,301,288,14,5,7,257,8,0,1,19,123,0,1011,1,0.0,0.0,0.0,482686.24,0,-0.12793581800330722,-0.8348542428379172,1000,2681590.2144,1,4
10,0,2024-02-19,0,8,31,153,0,28.845,0,28.845,0.0,4522.64,10535.09,105476.86,0.0,0.0,82596.79,2382504.41,93131.88,3042480.03,12344.98,0.866,7,6,2,98,99,14,5,8,95,9,0,1,19,206,0,1011,1,0.0,0.0,0.0,571128.4,0,-0.18775458177975476,1.8807338705176275,0,3172935.5775,1,0
10,0,2024-02-19,0,8,31,153,0,29.538,0,29.538,0.0,4522.61,10535.09,105476.89,0.0,0.0,82596.79,2439743.98,93131.88,3115576.38,12345.01,0.866,7,6,2,98,99,14,5,8,95,9,0,1,19,206,0,1011,1,0.0,0.0,0.0,584849.74,0,-0.18775458177975476,1.8807338705176275,0,3249165.231,1,0
10,0,2024-02-19,0,8,31,153,0,28.43,0,28.43,0.0,4522.53,10535.09,105476.97,0.0,0.0,82596.79,2348226.74,93131.88,2998710.26,12345.09,0.866,7,6,2,98,99,14,5,8,95,9,0,1,19,206,0,1011,1,0.0,0.0,0.0,562911.44,0,-0.18775458177975476,1.8807338705176275,0,3127285.785,1,0
10,0,2024-02-19,0,8,31,153,0,25.127,0,25.127,0.0,4611.28,10535.09,105388.22,0.0,0.0,82596.79,2075409.54,93131.88,2648089.8,12256.34,0.866,7,6,2,98,99,14,5,8,95,9,0,1,19,206,0,1011,1,0.0,0.0,0.0,497512.34,0,-0.18775458177975476,1.8807338705176275,0,2763957.4365,1,0
10,0,2024-02-21,0,23,33,135,0,92.0,2,19.228,0.0,0.0,3098.71,98891.88,8908.12,171285.33,80154.85,1541217.46,83253.56,1901493.07,15638.32,0.861,4,22,6,114,103,5,11,7,99,8,0,1,20,97,0,1011,1,0.0,0.0,0.0,373792.32,200,-0.3918283203414433,-1.534323908399194,0,2076624.0,1,4
10,0,2024-02-21,0,23,33,135,0,46.0,2,9.614,0.0,0.0,3098.71,98891.88,8908.12,85642.67,80154.85,770608.73,83253.56,950746.53,15638.32,0.861,4,22,6,114,103,5,11,7,99,8,0,1,20,97,0,1011,1,0.0,0.0,0.0,186896.16,200,-0.3918283203414433,-1.534323908399194,0,1038312.0,1,4
10,0,2024-02-21,0,23,33,135,0,46.0,2,9.614,0.0,0.0,3156.1,100991.88,8908.12,85642.67,80154.85,770608.73,83310.95,970935.93,17680.93,0.861,4,22,6,114,103,5,11,7,99,8,0,1,20,97,0,1011,1,0.0,0.0,0.0,190357.2,100,-0.18770355058731622,-1.534323908399194,0,1057540.0,1,4
10,0,2024-02-21,0,23,33,135,0,92.0,2,19.228,0.0,0.0,3098.71,98891.88,8908.12,171285.33,80154.85,1541217.46,83253.56,1901493.07,15638.32,0.861,4,22,6,114,103,5,11,7,99,8,0,1,20,97,0,1011,1,0.0,0.0,0.0,373792.32,200,-0.3918283203414433,-1.534323908399194,0,2076624.0,1,4
10,0,2024-02-21,0,23,33,135,0,92.0,2,19.228,0.0,0.0,3156.1,100991.88,8908.12,171285.33,80154.85,1541217.46,83310.95,1941871.87,17680.93,0.861,4,22,6,114,103,5,11,7,99,8,0,1,20,97,0,1011,1,0.0,0.0,0.0,380714.4,100,-0.18770355058731622,-1.534323908399194,0,2115080.0,1,4
10,0,2024-02-21,0,23,33,135,0,92.0,2,19.228,0.0,0.0,3156.1,100991.88,8908.12,171285.33,80154.85,1541217.46,83310.95,1941871.87,17680.93,0.861,4,22,6,114,103,5,11,7,99,8,0,1,20,97,0,1011,1,0.0,0.0,0.0,380714.4,100,-0.18770355058731622,-1.534323908399194,0,2115080.0,1,4
10,0,2024-02-24,0,8,31,153,0,28.73,0,28.73,0.0,3911.31,4670.07,105149.99,0.0,0.0,82596.79,2373005.78,87266.86,3020959.21,17883.13,0.866,7,6,2,301,288,14,5,7,257,8,0,1,19,123,0,1011,1,0.0,0.0,0.0,569171.01,0,-0.18144712639435193,-0.8348542428379172,1000,3162061.149,1,4
10,0,2024-02-24,0,8,31,153,0,30.115,0,30.115,0.0,3911.4,4670.07,105149.9,0.0,0.0,82596.79,2487402.33,87266.86,3166589.24,17883.04,0.866,7,6,2,301,288,14,5,7,257,8,0,1,19,123,0,1011,1,0.0,0.0,0.0,596609.29,0,-0.18144712639435193,-0.8348542428379172,1000,3314496.0495,1,4
10,0,2024-02-24,0,8,31,153,0,26.443,0,26.443,0.0,3657.21,4670.07,105404.09,0.0,0.0,82596.79,2184106.92,87266.86,2787200.35,18137.23,0.866,7,6,2,301,288,14,5,7,257,8,0,1,19,123,0,1011,1,0.0,0.0,0.0,523863.17,0,-0.18144712639435193,-0.8348542428379172,1000,2910350.9559000004,1,4
10,0,2024-02-24,0,28,32,134,0,29.0,2,6.061,0.0,0.0,4900.84,105600.48,8899.52,53939.99,82716.0,501341.68,87616.84,640044.51,17983.64,0.866,7,6,2,301,288,14,5,7,257,8,0,1,19,123,0,1011,1,0.0,0.0,0.0,126008.19,0,0.37363956623653327,-0.8348542428379172,1000,700045.5,1,1
10,0,2024-02-24,0,8,31,134,0,29.861,0,29.861,0.0,1159.59,7616.58,103550.41,0.0,0.0,82716.0,2469982.48,90332.58,3092118.79,13217.83,0.866,7,6,2,96,98,14,5,8,95,9,0,1,19,206,0,1011,1,0.0,0.0,0.0,562814.16,0,-0.7276135665869824,0.7080935488413697,0,3126745.31,1,0
10,0,2024-02-27,0,28,32,134,0,6.0,2,1.254,7500.0,6511.96,3338.27,100888.52,8899.52,11160.0,82716.0,103725.86,86054.27,126514.2,14834.25,0.866,4,22,6,114,103,5,11,7,99,8,0,1,19,97,0,1011,1,0.0,0.0,0.0,26296.38,200,-0.2897659354643798,-1.452033359509632,0,136686.0,1,4
10,0,2024-02-27,0,8,31,134,0,25.566,0,25.566,0.0,2885.97,6031.34,96614.03,0.0,0.0,82716.0,2114717.26,88747.34,2470034.29,7866.69,0.866,4,1,0,309,280,6,12,7,268,8,0,1,19,175,0,1011,1,0.0,0.0,0.0,457887.06,0,-1.2593585917964834,0.0909144321696549,0,2543817.0,1,3
10,0,2024-02-27,0,8,31,134,0,28.961,0,28.961,0.0,2904.33,6031.34,96595.67,0.0,0.0,82716.0,2395538.08,88747.34,2797507.2,7848.33,0.866,4,1,0,309,280,6,12,7,268,8,0,1,19,175,0,1011,1,0.0,0.0,0.0,518691.51,0,-1.2593585917964834,0.0909144321696549,0,2881619.5,1,3
10,0,2024-02-27,0,8,31,134,0,28.753,0,28.753,0.0,2904.34,6031.34,96595.66,0.0,0.0,82716.0,2378333.15,88747.34,2777415.01,7848.32,0.866,4,1,0,309,280,6,12,7,268,8,0,1,19,175,0,1011,1,0.0,0.0,0.0,514966.23,0,-1.2593585917964834,0.0909144321696549,0,2860923.5,1,3
10,0,2024-02-27,0,8,31,134,0,25.45,0,25.45,0.0,2899.12,6031.34,96600.88,0.0,0.0,82716.0,2105122.2,88747.34,2458492.4,7853.54,0.866,4,1,0,309,280,6,12,7,268,8,0,1,19,175,0,1011,1,0.0,0.0,0.0,455809.5,0,-1.2593585917964834,0.0909144321696549,0,2532275.0,1,3
20,0,2024-02-27,0,28,32,134,0,48.0,2,10.032,0.0,1079.35,6728.42,101021.13,8899.52,89279.98,82716.0,829806.91,89444.42,1013443.98,11576.71,0.866,4,1,0,309,280,6,12,7,268,8,0,1,19,175,0,1011,1,0.0,0.0,0.0,200439.36,0,-0.08564116571025268,0.0909144321696549,0,1113552.0,1,2
10,0,2024-02-29,0,8,31,153,0,27.783,0,27.783,5461.5,2989.15,10355.13,105382.35,0.0,0.0,82596.79,2294786.62,92951.92,2927837.83,12430.43,0.866,7,6,2,98,99,14,5,8,95,9,0,1,19,206,0,1011,1,0.0,0.0,0.0,541959.37,0,-0.9113258593656968,2.0864602427415324,0,2859148.5300000003,1,0
10,0,2024-02-29,0,8,31,153,0,28.868,0,28.868,5461.5,2989.19,10355.13,105382.31,0.0,0.0,82596.79,2384404.13,92951.92,3042176.53,12430.39,0.866,7,6,2,98,99,14,5,8,95,9,0,1,19,206,0,1011,1,0.0,0.0,0.0,563124.32,0,-0.9113258593656968,2.0864602427415324,0,2970805.88,1,0
10,0,2024-02-29,0,8,31,153,0,23.072,0,23.072,5461.5,3203.3,10355.13,105168.2,0.0,0.0,82596.79,1905673.14,92951.92,2426440.71,12216.28,0.866,7,6,2,98,99,14,5,8,95,9,0,1,19,206,0,1011,1,0.0,0.0,0.0,450062.51,0,-0.9113258593656968,2.0864602427415324,0,2374339.52,1,0
10,0,2024-02-29,0,8,31,153,0,28.845,0,28.845,5461.5,2989.18,10355.13,105382.32,0.0,0.0,82596.79,2382504.41,92951.92,3039753.02,12430.4,0.866,7,6,2,98,99,14,5,8,95,9,0,1,19,206,0,1011,1,0.0,0.0,0.0,562675.67,0,-0.9113258593656968,2.0864602427415324,0,2968438.95,1,0
10,0,2024-02-29,0,23,33,141,0,78.0,2,16.302,0.0,0.0,3303.6,99900.48,8899.52,145079.98,79664.76,1298694.92,82968.36,1628577.62,16932.12,0.861,4,22,6,114,103,5,11,7,99,8,0,1,20,97,0,1011,1,0.0,0.0,0.0,319845.24,200,-0.2897659354643798,-1.452033359509632,0,1776918.0,1,4
10,2,2024-03-04,0,28,32,91,0,99.0,2,20.691,4100.0,3178.77,3435.9,98821.71,8899.52,184139.97,82716.0,1711476.76,86151.9,2044720.0,12669.81,0.865,4,22,6,114,103,5,11,7,99,8,0,1,19,97,0,1011,1,0.0,0.0,0.0,413778.62,200,-0.49389070521850686,-1.36974281062007,0,2213937.0,1,4
10,2,2024-03-05,0,28,32,91,0,99.0,2,20.691,4100.0,3178.77,3479.4,98821.71,8899.52,184139.97,82716.0,1711476.76,86195.4,2044720.0,12626.31,0.865,4,22,6,114,103,5,11,7,99,8,0,1,19,97,0,1011,1,0.0,0.0,0.0,413778.62,200,-0.49389070521850686,-1.3491701733976795,0,2213937.0,1,4
10,2,2024-03-05,0,28,32,91,0,94.0,2,19.646,4100.0,2077.13,3479.4,99923.35,8899.52,174839.97,82716.0,1625038.54,86195.4,1963094.13,13727.95,0.865,4,22,6,114,103,5,11,7,99,8,0,1,19,97,0,1011,1,0.0,0.0,0.0,392880.71,200,-0.49389070521850686,-1.3491701733976795,0,2102122.0,1,4
10,2,2024-03-05,0,28,32,91,0,5.0,2,1.045,4100.0,2077.13,3479.4,99923.35,8899.52,9300.0,82716.0,86438.22,86195.4,104419.9,13727.95,0.865,4,22,6,114,103,5,11,7,99,8,0,1,19,97,0,1011,1,0.0,0.0,0.0,20897.91,200,-0.49389070521850686,-1.3491701733976795,0,111815.0,1,4
10,2,2024-03-05,0,28,32,91,0,94.0,2,19.646,4100.0,2077.13,3479.4,99923.35,8899.52,174839.97,82716.0,1625038.54,86195.4,1963094.13,13727.95,0.865,4,22,6,114,103,5,11,7,99,8,0,1,19,97,0,1011,1,0.0,0.0,0.0,392880.71,200,-0.49389070521850686,-1.3491701733976795,0,2102122.0,1,4
10,2,2024-03-05,0,28,32,91,0,5.0,2,1.045,4100.0,2077.13,3479.4,99923.35,8899.52,9300.0,82716.0,86438.22,86195.4,104419.9,13727.95,0.865,4,22,6,114,103,5,11,7,99,8,0,1,19,97,0,1011,1,0.0,0.0,0.0,20897.91,200,-0.49389070521850686,-1.3491701733976795,0,111815.0,1,4
10,2,2024-03-05,0,28,32,134,0,80.0,2,16.72,0.0,4039.67,4748.29,104560.81,8899.52,148799.97,82716.0,1383011.52,87464.29,1748256.74,17096.52,0.866,1,30,1,130,126,1,2,7,121,8,0,1,19,119,0,1011,1,0.0,0.0,0.0,353628.0,0,0.5777643359906603,-0.9377174289498696,0,1964600.0,1,1
10,2,2024-03-06,0,28,32,134,0,138.0,2,28.842,0.0,0.0,4900.84,105600.48,8899.52,256679.96,82716.0,2385694.87,87616.84,3045729.04,17983.64,0.866,7,6,2,301,288,14,5,7,257,8,0,1,19,123,0,1011,1,0.0,0.0,0.0,599625.18,0,0.37363956623653327,-0.8348542428379172,1000,3331251.0,1,1
10,2,2024-03-06,0,28,32,134,0,138.0,2,28.842,0.0,0.0,4900.84,105600.48,8899.52,256679.96,82716.0,2385694.87,87616.84,3045729.04,17983.64,0.866,7,6,2,301,288,14,5,7,257,8,0,1,19,123,0,1011,1,0.0,0.0,0.0,599625.18,0,0.37363956623653327,-0.8348542428379172,1000,3331251.0,1,1
10,2,2024-03-07,0,28,32,134,0,132.0,2,27.588,0.0,0.0,4900.84,105600.48,8899.52,245519.96,82716.0,2281969.01,87616.84,2913306.04,17983.64,0.866,7,6,2,301,288,14,5,7,257,8,0,1,19,123,0,1011,1,0.0,0.0,0.0,573554.52,0,0.37363956623653327,-0.8348542428379172,1000,3186414.0,1,1
10,2,2024-03-11,0,8,31,134,0,36.005,0,36.005,10500.0,4628.55,0.0,105871.45,0.0,0.0,82716.0,2978189.58,82716.0,3811901.56,23155.45,0.866,3,30,1,0,14,3,7,8,14,9,0,1,19,138,0,1011,1,0.0,0.0,0.0,716139.45,0,-1.2083273993579517,-2.994981151188919,0,3600500.0000000005,1,4
10,2,2024-03-12,0,8,31,88,0,28.522,0,28.522,0.0,4310.59,4691.35,105252.21,0.0,0.0,70691.0,2016248.7,75382.35,3002003.53,29869.86,0.866,7,6,2,301,288,14,5,7,257,8,0,1,19,123,0,1011,1,0.0,0.0,0.0,567624.99,0,-0.13026284037850458,-0.8348542428379172,1000,3153472.1816,1,4
10,2,2024-03-12,0,8,31,88,0,29.861,0,29.861,0.0,4310.66,4691.35,105252.14,0.0,0.0,70691.0,2110903.95,75382.35,3142934.15,29869.79,0.866,7,6,2,301,288,14,5,7,257,8,0,1,19,123,0,1011,1,0.0,0.0,0.0,594272.84,0,-0.13026284037850458,-0.8348542428379172,1000,3301515.7708,1,4
10,2,2024-03-12,0,28,32,91,0,99.0,2,20.691,4100.0,3178.77,3783.84,98821.71,8899.52,184139.97,82716.0,1711476.76,86499.84,2044720.0,12321.87,0.865,4,22,6,114,103,5,11,7,99,8,0,1,19,97,0,1011,1,0.0,0.0,0.0,413778.62,200,-0.49389070521850686,-1.205161712840946,0,2213937.0,1,4
10,2,2024-03-12,0,8,31,88,0,20.924,0,20.924,0.0,1386.14,3673.36,99613.86,0.0,0.0,70691.0,1479138.48,74364.36,2084320.41,25249.5,0.866,5,6,2,3,21,10,6,7,21,8,0,1,19,214,0,1011,1,0.0,0.0,0.0,380398.32,0,-1.106265014480888,-1.1434438011737746,0,2113324.0,1,4
10,2,2024-03-13,0,8,31,88,0,20.924,0,20.924,0.0,1386.14,3673.36,99613.86,0.0,0.0,70691.0,1479138.48,74364.36,2084320.41,25249.5,0.866,5,6,2,3,21,10,6,7,21,8,0,1,19,214,0,1011,1,0.0,0.0,0.0,380398.32,0,-1.106265014480888,-1.1434438011737746,0,2113324.0,1,4
10,2,2024-03-13,0,8,31,88,0,20.831,0,20.831,0.0,1392.32,3673.36,99607.68,0.0,0.0,70691.0,1472564.22,74364.36,2074927.58,25243.32,0.866,5,6,2,3,21,10,6,7,21,8,0,1,19,214,0,1011,1,0.0,0.0,0.0,378707.58,0,-1.106265014480888,-1.1434438011737746,0,2103931.0,1,4
10,2,2024-03-13,0,28,32,91,0,93.0,2,19.437,4100.0,3383.86,3827.34,98616.62,8899.52,172979.97,82716.0,1607750.89,86543.34,1916811.24,12073.28,0.865,4,22,6,114,103,5,11,7,99,8,0,1,19,97,0,1011,1,0.0,0.0,0.0,388701.13,200,-0.49389070521850686,-1.1845890756185555,0,2079759.0,1,4
10,2,2024-03-13,0,28,32,91,0,6.0,2,1.254,4100.0,3128.05,3827.34,98872.43,8899.52,11160.0,82716.0,103725.86,86543.34,123986.03,12329.09,0.865,4,22,6,114,103,5,11,7,99,8,0,1,19,97,0,1011,1,0.0,0.0,0.0,25077.49,200,-0.49389070521850686,-1.1845890756185555,0,134178.0,1,4
10,2,2024-03-14,0,28,32,88,0,138.0,2,28.842,0.0,1026.91,4091.61,102573.56,8899.53,256680.24,70691.0,2038869.82,74782.61,2958426.62,27790.95,0.866,5,6,2,3,21,10,6,7,21,8,0,1,19,214,0,1011,1,0.0,0.0,0.0,584050.5,0,0.06745241160534264,-1.1434438011737746,0,3244725.0,1,4
10,2,2024-03-14,0,28,32,134,0,112.0,2,23.408,0.0,0.0,4321.95,106100.48,8899.52,208319.96,82716.0,1936216.13,87037.95,2483600.04,19062.53,0.866,6,12,4,43,45,13,1,7,44,8,0,1,19,113,0,1011,1,0.0,0.0,0.0,484545.6,0,0.3226083737980015,-1.081725889506603,0,2691920.0,1,1
10,2,2024-03-15,0,30,36,142,0,118.0,2,24.662,0.0,3916.65,5707.64,119184.06,8899.29,219474.29,84545.82,2085069.01,90253.46,2939317.29,28930.6,0.869,1,30,1,130,126,1,2,7,121,8,0,1,12,119,0,1011,1,0.0,0.0,0.0,585969.12,0,2.057668916708082,-0.7937089683931362,0,3255384.0,1,1
10,2,2024-03-15,0,28,32,134,0,112.0,2,23.408,0.0,0.0,4368.42,106100.48,8899.52,208319.96,82716.0,1936216.13,87084.42,2483600.04,19016.06,0.866,6,12,4,43,45,13,1,7,44,8,0,1,19,113,0,1011,1,0.0,0.0,0.0,484545.6,0,0.3226083737980015,-1.0611532522842126,0,2691920.0,1,1
10,2,2024-03-16,0,28,32,134,0,112.0,2,23.408,0.0,0.0,4414.9,106100.48,8899.52,208319.96,82716.0,1936216.13,87130.9,2483600.04,18969.58,0.866,6,12,4,43,45,13,1,7,44,8,0,1,19,113,0,1011,1,0.0,0.0,0.0,484545.6,0,0.3226083737980015,-1.0405806150618222,0,2691920.0,1,1
10,2,2024-03-16,0,28,32,134,0,11.0,2,2.299,0.0,3189.79,5011.77,103910.69,8899.52,20460.0,82716.0,190164.08,87727.77,238890.68,16182.92,0.866,7,6,2,303,288,14,5,7,257,8,0,1,19,41,0,1011,1,0.0,0.0,0.0,48416.94,0,0.5267331435521286,-0.8142816056155268,1000,268983.0,1,1
10,2,2024-03-16,0,30,36,142,0,119.0,2,24.871,0.0,4673.43,5760.99,118427.28,8899.29,221334.24,84545.82,2102739.09,90306.81,2945404.88,28120.47,0.869,1,30,1,130,126,1,2,7,121,8,0,1,12,119,0,1011,1,0.0,0.0,0.0,590934.96,0,2.057668916708082,-0.7731363311707458,0,3282972.0,1,1
10,2,2024-03-16,0,8,31,88,0,23.256,0,23.256,0.0,1299.41,7640.14,103734.59,0.0,0.0,70691.0,1643989.9,78331.14,2412451.63,25403.45,0.866,7,6,2,96,98,14,5,8,95,9,0,1,19,206,0,1011,1,0.0,0.0,0.0,439680.73,0,-0.6945453538868138,0.7080935488413697,0,2442670.704,1,0
10,2,2024-03-16,0,8,31,88,0,23.233,0,23.233,0.0,1300.69,7640.14,103733.31,0.0,0.0,70691.0,1642364.0,78331.14,2410035.99,25402.17,0.866,7,6,2,96,98,14,5,8,95,9,0,1,19,206,0,1011,1,0.0,0.0,0.0,439245.89,0,-0.6945453538868138,0.7080935488413697,0,2440254.9220000003,1,0
10,2,2024-03-18,0,28,32,134,0,114.0,2,23.826,0.0,0.0,4414.9,106100.48,8899.52,212039.96,82716.0,1970791.42,87130.9,2527950.04,18969.58,0.866,6,12,4,43,45,13,1,7,44,8,0,1,19,113,0,1011,1,0.0,0.0,0.0,493198.2,0,0.3226083737980015,-1.0405806150618222,0,2739990.0,1,1
10,2,2024-03-20,0,28,32,134,0,148.0,2,30.932,0.0,0.0,4900.84,105600.48,8899.52,275279.95,82716.0,2558571.31,87616.84,3266434.05,17983.64,0.866,7,6,2,301,288,14,5,7,257,8,0,1,19,123,0,1011,1,0.0,0.0,0.0,643076.28,0,0.37363956623653327,-0.8348542428379172,1000,3572646.0,1,1
10,2,2024-03-20,0,28,32,134,0,124.0,2,25.916,0.0,0.0,4900.84,105600.48,8899.52,230639.96,82716.0,2143667.86,87616.84,2736742.04,17983.64,0.866,7,6,2,301,288,14,5,7,257,8,0,1,19,123,0,1011,1,0.0,0.0,0.0,538793.64,0,0.37363956623653327,-0.8348542428379172,1000,2993298.0,1,1
10,2,2024-03-20,0,28,32,134,0,136.0,2,28.424,0.0,0.0,4900.84,105600.48,8899.52,252959.96,82716.0,2351119.58,87616.84,3001588.04,17983.64,0.866,7,6,2,301,288,14,5,7,257,8,0,1,19,123,0,1011,1,0.0,0.0,0.0,590934.96,0,0.37363956623653327,-0.8348542428379172,1000,3282972.0,1,1
10,2,2024-03-21,0,8,31,117,0,28.056,0,28.056,0.0,2868.91,6031.34,96631.09,0.0,0.0,81618.84,2289898.18,87650.18,2711081.86,8980.91,0.864,4,1,0,309,280,6,12,7,268,8,0,1,19,175,0,1011,1,0.0,0.0,0.0,502482.96,0,-1.2593585917964834,0.0909144321696549,0,2791572.0,1,3
10,2,2024-03-21,0,8,31,117,0,28.843,0,28.843,0.0,2897.61,6031.34,96602.39,0.0,0.0,81618.84,2354132.2,87650.18,2786302.73,8952.21,0.864,4,1,0,309,280,6,12,7,268,8,0,1,19,175,0,1011,1,0.0,0.0,0.0,516578.13,0,-1.2593585917964834,0.0909144321696549,0,2869878.5,1,3
10,2,2024-03-21,0,8,31,117,0,26.181,0,26.181,0.0,2897.6,6031.34,96602.4,0.0,0.0,81618.84,2136862.85,87650.18,2529147.43,8952.22,0.864,4,1,0,309,280,6,12,7,268,8,0,1,19,175,0,1011,1,0.0,0.0,0.0,468901.71,0,-1.2593585917964834,0.0909144321696549,0,2605009.5,1,3
10,2,2024-03-21,0,8,31,117,0,25.926,0,25.926,0.0,2851.07,6031.34,96648.93,0.0,0.0,81618.84,2116050.05,87650.18,2505720.16,8998.75,0.864,4,1,0,309,280,6,12,7,268,8,0,1,19,175,0,1011,1,0.0,0.0,0.0,464334.66,0,-1.2593585917964834,0.0909144321696549,0,2579637.0,1,3
20,2,2024-03-22,0,28,32,117,0,48.0,2,10.032,0.0,1079.35,6728.42,101021.12,8899.53,89280.08,81618.84,818800.2,88347.26,1013443.88,12673.86,0.864,4,1,0,309,280,6,12,7,268,8,0,1,19,175,0,1011,1,0.0,0.0,0.0,200439.36,0,-0.08564116571025268,0.0909144321696549,0,1113552.0,1,2
10,2,2024-03-23,0,8,31,117,0,18.426,0,18.426,0.0,1799.2,4476.52,103700.8,0.0,0.0,81618.84,1503908.75,86095.36,1910790.94,17605.44,0.864,7,6,2,303,288,14,5,7,257,8,0,1,19,41,0,1011,1,0.0,0.0,0.0,349909.74,0,-0.6469842825341022,-0.8348542428379172,0,1943943.0,1,4
10,2,2024-03-23,0,28,32,88,0,112.0,2,23.408,0.0,0.0,4627.05,105600.47,8899.53,208320.2,70691.0,1654734.93,75318.05,2471895.8,30282.42,0.866,6,12,4,43,45,13,1,7,44,8,0,1,19,113,0,1011,1,0.0,0.0,0.0,482438.88,0,0.27157718135946973,-0.9377174289498696,0,2680216.0,1,1
10,2,2024-03-23,0,28,32,88,0,113.0,2,23.617,0.0,0.0,4627.05,105600.47,8899.53,210180.2,70691.0,1669509.35,75318.05,2493966.3,30282.42,0.866,6,12,4,43,45,13,1,7,44,8,0,1,19,113,0,1011,1,0.0,0.0,0.0,486746.37,0,0.27157718135946973,-0.9377174289498696,0,2704146.5,1,1
10,2,2024-03-23,0,28,32,88,0,113.0,2,23.617,0.0,0.0,4627.05,105600.47,8899.53,210180.2,70691.0,1669509.35,75318.05,2493966.3,30282.42,0.866,6,12,4,43,45,13,1,7,44,8,0,1,19,113,0,1011,1,0.0,0.0,0.0,486746.37,0,0.27157718135946973,-0.9377174289498696,0,2704146.5,1,1
10,2,2024-03-26,0,28,32,88,0,112.0,2,23.408,0.0,0.0,4765.87,105600.47,8899.53,208320.2,70691.0,1654734.93,75456.87,2471895.8,30143.6,0.866,6,12,4,43,45,13,1,7,44,8,0,1,19,113,0,1011,1,0.0,0.0,0.0,482438.88,0,0.27157718135946973,-0.8759995172826982,0,2680216.0,1,1
10,2,2024-03-30,0,28,32,117,0,90.0,2,18.81,0.0,4263.36,996.13,125837.11,8899.53,167400.16,81618.84,1535250.38,82614.97,2366996.04,43222.14,0.864,1,30,1,150,138,1,2,8,133,9,0,1,19,10,0,1011,1,0.0,0.0,0.0,490941.0,6000,3.384479920109908,-2.6452463184082804,0,2727450.0,1,1
